Well,Plate,CD41_APCH7,ANXA1_APC,Zombie_violet,PVR_PECy7,CD51_FITC,VEGFR1_594,CD168_700,Colony
A1,1,"1,297",502,75,"1,723",200,61,"2,315",Y
A2,1,-53,-89,21,626,138,93,"3,061",N
A3,1,372,212,69,929,197,44,604,N
A4,1,984,407,164,312,790,253,279,N
A5,1,"5,036","1,246",153,"1,121",914,266,"3,167",N
A6,1,"1,380",-32,115,989,370,42,653,N
A7,1,254,290,97,"1,461",247,88,830,N
A8,1,"1,905",439,99,774,442,142,"1,547",N
A9,1,"1,309",843,205,"1,249",526,285,"1,543",N
A10,1,-26,636,111,"1,107",157,188,"1,255",N
A11,1,806,530,100,"1,884",288,169,"1,553",N
A12,1,748,462,151,168,413,459,773,N
A13,1,"1,643",256,103,"1,098",706,209,"3,618",N
A14,1,"1,703","1,244",61,"1,090",567,194,"1,723",N
A15,1,"4,995",663,207,254,768,199,"1,374",N
A16,1,"3,107","1,210",81,899,816,105,"2,552",N
A17,1,"2,315",847,140,"1,364",782,348,"1,048",N
A18,1,"3,637",-58,52,"1,138",407,130,896,N
A19,1,"2,029",30,83,735,509,162,"1,557",N
A20,1,"5,146","2,156",139,575,911,305,948,N
A21,1,538,798,77,890,197,31,544,N
A22,1,"2,170",830,98,"1,374",487,177,"2,366",N
A23,1,"2,919",776,-60,908,836,-104,959,N
A24,1,751,212,65,85,181,144,445,N
B1,1,750,698,70,771,246,146,987,N
B2,1,"6,498","2,946",89,"1,001",774,545,"4,268",N
B3,1,"2,307",535,68,"1,029",267,352,877,N
B4,1,"1,824",546,82,"1,109",325,110,"1,486",N
B5,1,662,286,86,343,245,180,"1,180",N
B6,1,"1,346","1,099",97,753,445,373,"2,017",N
B7,1,799,136,34,972,129,120,402,N
B8,1,"1,483",612,116,"1,261",634,138,"1,134",Y
B9,1,"5,626","1,341",301,824,914,602,"3,367",N
B10,1,898,-368,21,886,181,15,272,N
B11,1,323,729,59,172,207,387,439,N
B12,1,"8,963","1,162",136,919,701,269,"1,769",N
B13,1,645,64,116,"1,032",331,111,"2,175",N
B14,1,"1,538",496,-56,520,315,151,751,N
B15,1,341,182,47,144,190,253,622,N
B16,1,"4,169","1,167",144,718,543,404,"1,259",N
B17,1,"2,315",969,122,398,725,161,"1,136",N
B18,1,971,"1,248",161,"1,304",503,341,"6,356",N
B19,1,"3,393","1,491",188,"2,125",494,385,"1,407",N
B20,1,"5,962",667,132,735,523,280,"2,380",N
B21,1,"11,399",766,110,191,"1,091",140,"1,075",N
B22,1,"2,677","2,550",243,62,698,714,"2,396",N
B23,1,534,-93,79,"1,554",213,123,431,N
B24,1,607,"1,263",190,953,553,534,"3,212",N
C1,1,905,162,44,"1,718",204,122,857,N
C2,1,"8,065","1,611",250,"3,001","1,032",728,"7,078",N
C3,1,290,128,66,"1,098",199,121,912,N
C4,1,"3,369",579,172,379,589,395,"1,715",N
C5,1,740,943,89,"2,714",312,237,"2,535",Y
C6,1,"1,273",485,108,"1,845",313,123,"2,111",N
C7,1,"2,582","1,441",138,826,470,338,"1,786",N
C8,1,"4,685",-85,28,413,434,95,528,N
C9,1,"1,234",291,89,427,279,121,897,N
C10,1,"2,436",282,66,685,495,168,548,N
C11,1,726,"1,354",146,"1,840",408,358,"1,274",N
C12,1,"4,895",789,66,"1,919",356,258,"1,258",N
C13,1,"8,256","1,367",141,"1,016",665,292,"1,987",N
C14,1,"2,839",155,96,501,645,61,347,N
C15,1,"3,082","1,505",82,944,624,318,"3,265",N
C16,1,"2,675",270,125,"1,235",611,149,"1,821",N
C17,1,"1,338",252,43,-50,167,92,368,N
C18,1,871,222,79,"1,244",231,208,"3,269",N
C19,1,"1,661",346,115,395,601,212,871,N
C20,1,617,628,107,"1,888",426,255,"3,037",N
C21,1,"1,893",180,62,611,255,112,515,N
C22,1,"2,650",-31,92,679,555,69,"1,226",N
C23,1,"1,195",82,141,"1,341",445,187,539,N
C24,1,"12,700","1,810",183,"2,098","1,148",356,"3,726",N
D1,1,"2,192",340,128,856,751,201,"1,035",N
D2,1,135,"1,542",158,"2,274",399,398,"1,695",N
D3,1,"4,016","2,587",142,611,"1,244",255,"1,628",N
D4,1,419,28,71,"1,152",241,189,-69,N
D5,1,868,261,34,338,147,86,106,N
D6,1,667,646,201,325,231,"1,416","29,003",N
D7,1,622,120,53,"1,324",343,42,13,N
D8,1,897,858,108,472,208,212,"1,316",N
D9,1,"30,649","5,090",215,-17,810,229,"1,007",N
D10,1,242,235,82,"1,145",251,198,91,N
D11,1,92,965,-13,645,431,275,240,N
D12,1,"3,404",858,161,"1,407",489,319,"2,048",Y
D13,1,937,-69,55,513,150,48,900,N
D14,1,"2,177","1,240",190,930,637,395,"2,023",N
D15,1,729,"1,361",157,"1,558",538,306,"1,763",N
D16,1,"3,830",430,94,"1,328",855,241,"1,812",N
D17,1,535,322,114,"1,380",311,316,818,N
D18,1,"1,678",-111,92,"1,220",596,32,445,N
D19,1,"1,383",126,76,707,248,97,"1,087",N
D20,1,338,-75,59,640,128,131,537,N
D21,1,"1,665","1,840",244,556,474,603,"1,419",N
D22,1,-98,-42,42,240,111,220,363,N
D23,1,"1,241",-2,52,806,245,90,843,N
D24,1,"4,280","1,035",86,662,555,111,"2,014",N
E1,1,"2,731",597,70,525,551,114,-21,N
E2,1,722,183,94,"1,262",598,59,454,N
E3,1,173,864,91,"1,201",206,201,"1,375",N
E4,1,994,"1,170",74,"1,838",275,242,"1,551",N
E5,1,"3,612",469,81,398,740,63,"1,250",N
E6,1,"5,569","1,147",77,321,589,115,608,N
E7,1,"3,767","2,560",102,164,556,207,649,N
E8,1,"1,280","1,073",128,"2,361",406,442,"3,221",Y
E9,1,"1,703",329,151,426,592,303,-269,N
E10,1,"2,940","1,701",152,833,654,505,"1,690",N
E11,1,"3,656","1,757",93,538,405,615,"1,729",N
E12,1,474,"1,177",60,"1,248",167,-14,487,N
E13,1,"1,335",706,105,"1,443",423,192,721,N
E14,1,970,-2,65,"1,688",526,12,"1,623",N
E15,1,319,638,89,413,186,317,528,N
E16,1,"1,374","1,335",233,"2,510",956,475,"3,653",N
E17,1,"2,201",477,122,543,368,104,"1,184",N
E18,1,331,879,24,193,269,188,36,N
E19,1,"4,024",853,115,858,813,277,"3,128",N
E20,1,241,881,61,"1,149",210,175,"1,361",N
E21,1,"5,641","1,605",120,"2,425","1,012",341,"4,731",N
E22,1,"2,255",411,205,247,471,498,-24,N
E23,1,"4,170","1,936",111,721,725,414,"1,879",N
E24,1,"4,031",941,82,884,975,330,"2,813",N
F1,1,828,449,77,"1,378",201,231,463,N
F2,1,102,670,96,659,202,237,"1,029",N
F3,1,"1,103",907,218,813,505,547,"1,339",N
F4,1,"1,049",274,54,954,192,144,"1,538",N
F5,1,969,-117,64,591,324,154,217,N
F6,1,"43,520","2,815",341,154,"1,016","1,208","19,056",N
F7,1,"1,040",494,62,"1,099",316,145,"1,090",N
F8,1,"1,614",366,101,527,296,337,"1,390",N
F9,1,371,260,63,"1,497",206,197,"2,276",N
F10,1,6,339,42,312,95,243,380,N
F11,1,"5,592",397,183,74,478,390,"1,124",N
F12,1,"2,735",135,45,"1,391",623,82,630,N
F13,1,"4,571","1,902",145,"1,655",537,248,"2,704",N
F14,1,808,"1,250",219,"1,498",481,386,"1,391",N
F15,1,"1,329",990,114,"1,161",338,265,"2,296",N
F16,1,"5,664","1,450",221,817,"1,297",444,"1,920",N
F17,1,524,-26,43,"1,213",154,5,618,N
F18,1,540,448,47,737,145,96,371,N
F19,1,992,193,61,654,182,83,-124,N
F20,1,"3,426",852,103,687,991,190,"2,199",N
F21,1,"1,013","1,330",128,515,458,318,"2,537",N
F22,1,988,"1,089",69,"1,931",320,241,"2,292",N
F23,1,"2,823","1,332",157,747,672,337,"1,596",N
F24,1,"4,730","2,035",-8,"1,059",607,246,"2,500",N
G1,1,753,946,146,"1,882",288,299,441,N
G2,1,"2,549",50,65,699,396,118,"1,340",N
G3,1,866,121,68,"2,146",208,63,"1,719",N
G4,1,-20,638,41,68,133,261,675,N
G5,1,422,"1,667",83,444,258,303,975,N
G6,1,372,-138,77,335,231,44,238,N
G7,1,486,378,64,395,309,214,"1,369",N
G8,1,"3,579",763,229,397,492,452,473,N
G9,1,"5,141",407,35,563,627,67,"1,055",N
G10,1,"1,176",239,67,263,246,220,487,N
G11,1,"4,668",927,157,715,865,739,"1,083",N
G12,1,"3,181","1,319",106,628,667,481,"1,954",N
G13,1,697,225,44,"1,020",271,37,834,Y
G14,1,"1,510",98,47,897,282,92,355,N
G15,1,531,180,239,506,554,362,941,N
G16,1,"1,824",-171,141,839,457,218,"1,772",N
G17,1,"3,319",800,96,"1,059",620,288,"3,153",N
G18,1,"9,212","1,281",148,"1,497",977,289,"4,305",N
G19,1,258,-24,111,"1,927",207,86,828,N
G20,1,"4,441",813,101,446,785,254,"1,881",N
G21,1,"1,040",404,46,943,419,31,"1,153",Y
G22,1,-69,98,20,"1,232",267,"1,506","9,621",N
G23,1,978,237,67,508,215,94,-323,N
G24,1,822,946,126,"1,603",351,358,"1,544",N
H1,1,"5,777",752,124,234,466,284,"2,804",N
H2,1,548,401,134,651,282,172,215,N
H3,1,"5,883","1,782",138,818,677,406,"2,478",N
H4,1,"1,396",925,152,"1,054",694,342,858,N
H5,1,"2,908",450,180,"1,922","1,599",246,295,N
H6,1,"2,029",379,81,613,264,90,421,N
H7,1,481,900,85,"1,296",214,448,707,N
H8,1,511,155,68,"1,012",320,195,783,N
H9,1,"2,865","1,347",150,"1,951",583,375,"2,146",N
H10,1,866,-120,65,"1,325",188,43,808,N
H11,1,"5,028",199,106,850,"1,945",185,"2,124",N
H12,1,519,"1,249",63,"1,965",136,49,997,N
H13,1,"1,427",215,118,"1,454",323,215,825,N
H14,1,"2,260",164,34,469,369,28,480,N
H15,1,"6,126",607,156,106,784,197,980,N
H16,1,"1,105","1,999",106,"1,774",583,238,"5,563",Y
H17,1,"2,603","1,147",206,"1,230",677,220,"1,389",N
H18,1,"4,182",440,23,533,326,142,867,N
H19,1,219,382,70,429,276,313,17,N
H20,1,955,675,95,"1,698",391,323,"1,477",N
H21,1,"4,673",655,114,684,583,251,"2,532",Y
H22,1,"1,975",862,178,971,620,423,589,N
H23,1,"4,345",836,142,"2,215",483,218,"2,081",N
H24,1,567,"1,588",106,"1,862",551,386,922,N
I1,1,"2,031","1,666",115,593,"1,599",456,"1,462",N
I2,1,"2,085",-111,72,741,475,-41,-138,N
I3,1,"2,477",555,233,688,707,257,-134,N
I4,1,"4,938",734,322,218,709,284,841,N
I5,1,"2,036",286,90,675,589,197,"1,266",N
I6,1,958,798,77,811,227,176,883,N
I7,1,397,"1,015",84,"1,068",249,195,991,N
I8,1,"6,839","2,139",178,521,862,912,"6,250",N
I9,1,"1,404",527,239,707,437,220,998,N
I10,1,"1,718",117,110,814,454,155,"1,265",N
I11,1,"4,250",697,98,289,644,217,346,N
I12,1,"16,743","2,352",78,"1,953",685,386,"1,892",N
I13,1,"2,789",311,52,"1,310",460,94,"1,118",N
I14,1,"1,035",31,58,898,154,133,306,N
I15,1,"1,004","1,905",84,690,529,325,"1,700",N
I16,1,"1,307",46,58,655,226,216,123,N
I17,1,"1,843",466,78,"1,156",260,181,"1,278",N
I18,1,276,-61,119,"1,698",278,167,304,N
I19,1,36,619,38,604,185,185,"1,306",N
I20,1,"2,817",91,107,649,477,127,289,N
I21,1,"1,024",282,181,444,386,71,"1,075",N
I22,1,-62,470,49,381,131,135,"1,019",N
I23,1,667,114,143,319,248,162,-141,N
I24,1,"1,701",522,60,"1,048",547,144,771,N
J1,1,"1,579",889,86,"1,405",264,168,"1,111",N
J2,1,-12,31,38,993,100,110,471,N
J3,1,223,991,83,"1,290",795,358,"2,717",N
J4,1,"4,417","1,610",195,521,805,355,"1,199",N
J5,1,145,-304,158,943,387,172,278,N
J6,1,874,128,98,"1,427",361,190,793,N
J7,1,"2,900",393,56,"1,496",395,187,"1,738",N
J8,1,661,690,93,809,241,145,"2,047",N
J9,1,30,295,28,198,69,200,-96,N
J10,1,445,27,50,"1,465",158,93,"1,578",N
J11,1,658,898,135,"1,880",315,260,174,Y
J12,1,297,-108,36,"1,027",204,40,978,N
J13,1,"1,597",526,90,821,326,138,977,N
J14,1,"1,055",207,152,709,366,340,"1,512",N
J15,1,"1,283",222,248,958,495,421,"1,191",N
J16,1,397,957,61,881,165,243,"1,266",N
J17,1,"5,090","1,217",147,"1,153",930,401,"1,634",N
J18,1,"15,568","1,508",125,"3,113",860,454,"2,500",N
J19,1,"5,603",233,129,388,534,240,581,N
J20,1,"1,483",126,54,727,400,-52,226,N
J21,1,462,"2,126",195,"1,194",585,349,"2,416",N
J22,1,"7,090",-186,65,389,805,51,"1,461",N
J23,1,"3,298","1,284",176,451,511,455,981,N
J24,1,239,256,47,779,161,45,290,N
K1,1,"2,419",23,56,906,681,105,508,N
K2,1,486,170,99,638,385,125,-38,N
K3,1,871,445,91,722,269,139,432,N
K4,1,"2,708","2,487",127,"1,360","1,417",399,"1,598",N
K5,1,"1,650","1,459",146,950,502,284,"4,092",N
K6,1,849,-40,30,"1,125",197,8,264,N
K7,1,-124,"3,999",-2,541,110,599,"4,646",Y
K8,1,"3,300",127,105,224,602,166,"1,011",N
K9,1,-233,161,148,"1,816",286,162,"2,350",N
K10,1,"2,158",742,89,876,384,153,"1,305",N
K11,1,"3,487",323,172,413,490,273,294,N
K12,1,"1,296",237,66,432,213,199,389,N
K13,1,"1,351",284,102,218,265,123,"4,086",N
K14,1,"2,212","1,312",307,196,611,698,"1,216",N
K15,1,176,326,53,178,146,229,"1,714",N
K16,1,999,-192,68,649,251,97,392,N
K17,1,"3,246","1,440",72,543,991,305,"2,132",N
K18,1,797,"1,159",89,895,483,319,"1,708",N
K19,1,632,-52,45,769,309,29,"1,060",N
K20,1,758,"1,024",79,"2,185",465,260,"1,637",N
K21,1,"1,889",536,59,"1,026",365,151,"2,636",Y
K22,1,"6,125","1,978",93,405,344,389,"1,443",N
K23,1,720,916,67,532,172,263,"1,258",N
K24,1,"1,647",36,50,438,431,131,"1,276",N
L1,1,"1,407",784,65,"1,094",532,240,"2,008",N
L2,1,"2,517","1,321",128,585,347,326,"1,799",N
L3,1,"3,230",831,140,601,747,268,"2,135",N
L4,1,"3,770",100,75,865,328,183,"1,190",N
L5,1,"6,427","1,985",275,"1,061","1,214",449,"2,967",N
L6,1,"1,331",686,87,106,276,289,435,N
L7,1,191,739,95,829,235,167,"1,096",Y
L8,1,821,509,81,"1,002",205,215,-5,N
L9,1,"1,755","1,605",156,"1,206",857,285,"1,836",N
L10,1,"4,102","1,367",152,537,"1,250",291,"2,204",N
L11,1,669,606,104,398,573,180,625,N
L12,1,"1,701",19,262,663,508,255,378,N
L13,1,"5,661",638,105,788,401,257,"1,354",Y
L14,1,369,"1,091",77,957,316,196,"1,281",N
L15,1,994,461,102,"1,977",358,108,540,N
L16,1,"3,333",89,71,340,410,176,794,N
L17,1,"3,418",-18,57,"1,117",239,101,"1,319",N
L18,1,"7,564",363,120,417,"1,037",99,"1,161",N
L19,1,"1,824","1,488",123,"1,353",783,292,"1,616",N
L20,1,896,401,70,"1,340",211,171,"1,447",N
L21,1,413,598,140,998,322,162,"1,238",N
L22,1,"1,230",690,86,212,412,256,593,N
L23,1,-315,26,176,817,63,895,"10,907",N
L24,1,506,518,16,255,302,133,99,N
M1,1,"1,192",371,41,44,337,227,978,N
M2,1,"4,020","1,036",94,681,564,235,"1,538",N
M3,1,480,989,97,414,226,251,722,N
M4,1,"1,316","1,124",80,"1,944",309,146,"1,648",N
M5,1,401,586,114,843,244,364,753,Y
M6,1,"1,810",545,82,"1,151",291,150,"1,984",N
M7,1,529,900,41,588,237,187,838,N
M8,1,"1,480","1,028",55,"1,382",279,192,472,N
M9,1,"1,822",658,72,961,574,136,"1,463",N
M10,1,"1,609",722,100,"1,575",661,105,771,Y
M11,1,"8,651","2,331",338,-102,804,538,"9,298",N
M12,1,"2,941",287,100,"2,192",637,241,938,N
M13,1,"5,982",648,160,62,552,280,"3,422",N
M14,1,700,906,71,640,284,91,300,N
M15,1,"1,059",388,74,656,298,157,"1,181",N
M16,1,"1,995","1,520",260,"1,803",895,546,"5,595",N
M17,1,"1,017","1,213",142,572,416,378,"1,978",N
M18,1,"1,402",556,22,597,179,257,719,N
M19,1,56,737,66,188,276,315,929,N
M20,1,400,543,54,"1,716",139,211,976,N
M21,1,"3,145",688,247,"1,196",638,492,"1,032",N
M22,1,"1,391",663,168,"1,363",330,300,622,N
M23,1,898,410,43,571,221,196,240,N
M24,1,537,-75,29,102,109,47,324,N
N1,1,"13,495",674,111,753,606,215,99,N
N2,1,"1,488","1,326",92,"1,249",362,229,"1,240",N
N3,1,"1,338","1,234",157,"1,735",574,291,"3,515",N
N4,1,"3,692","1,314",61,512,609,188,"1,568",N
N5,1,466,677,156,"1,133",327,249,"1,242",N
N6,1,"3,339",409,74,433,831,159,"1,617",N
N7,1,"1,205",721,67,118,200,173,147,N
N8,1,"1,013",511,75,338,219,208,"1,107",N
N9,1,"1,394","2,144",220,"1,618",727,666,"3,676",N
N10,1,299,781,98,"1,135",290,251,"1,210",N
N11,1,140,227,92,978,111,178,214,N
N12,1,"2,646","1,582",64,903,692,398,"2,455",N
N13,1,466,286,62,"1,600",222,160,"4,711",N
N14,1,"3,872",623,176,"1,618",969,367,"1,605",N
N15,1,988,-28,39,751,185,14,123,N
N16,1,354,570,74,359,155,100,374,N
N17,1,"1,274",451,200,962,581,354,"1,071",N
N18,1,594,175,151,753,314,289,575,N
N19,1,234,206,55,"1,332",158,168,392,Y
N20,1,597,552,126,"1,728",707,217,"1,178",N
N21,1,"1,187",351,93,"1,701",250,99,812,N
N22,1,-856,"1,404",249,526,159,"1,005","30,894",N
N23,1,"3,498",544,115,895,803,120,"1,867",N
N24,1,990,452,91,"1,690",211,160,"1,214",N
O1,1,896,536,52,"1,490",268,165,925,Y
O2,1,334,474,42,"1,214",174,78,175,N
O3,1,"6,645","1,436",131,"2,042",787,589,"2,586",N
O4,1,"2,953",759,69,"1,041",350,209,"1,470",N
O5,1,"2,616",134,222,692,820,295,613,N
O6,1,942,"1,093",63,"1,674",239,224,"1,739",N
O7,1,"1,486",265,71,686,315,89,526,N
O8,1,"4,265",570,53,529,464,151,792,N
O9,1,583,473,23,640,208,107,"1,453",N
O10,1,255,661,69,"1,679",249,60,"1,432",N
O11,1,"1,368",563,86,"1,646",375,127,"1,495",Y
O12,1,379,294,147,"1,190",380,229,"1,091",N
O13,1,917,225,124,"2,090",342,144,805,N
O14,1,"7,131","1,111",113,651,566,388,"1,592",N
O15,1,378,-19,54,957,888,48,"1,062",N
O16,1,650,666,83,"1,549",333,169,"1,595",Y
O17,1,"3,819",280,61,443,603,234,"2,974",N
O18,1,"3,269","1,052",94,774,758,207,"1,391",N
O19,1,"5,936",830,353,44,706,660,"1,226",N
O20,1,246,272,40,376,190,231,315,N
O21,1,"7,986","1,244",238,-45,"1,022",443,"2,965",N
O22,1,"1,819",443,62,434,397,103,"1,992",N
O23,1,"3,770","1,109",191,456,472,354,"1,145",N
O24,1,"4,555","1,026",106,767,"1,172",231,"1,749",N
P1,1,642,879,69,925,190,166,"1,000",N
P2,1,650,655,65,417,303,198,621,N
P3,1,602,"1,322",183,947,532,491,"3,030",N
P4,1,"-1,786",594,192,911,358,969,"71,883",N
P5,1,"2,381",772,205,328,488,377,"1,178",N
P6,1,"2,525","1,239",144,876,551,211,571,N
P7,1,555,405,181,775,360,298,764,N
P8,1,351,165,64,609,178,276,179,N
P9,1,379,"1,198",124,548,462,275,"1,311",N
P10,1,"3,380","1,433",150,"1,668",846,513,"2,246",Y
P11,1,688,"1,438",321,"1,015",648,460,"4,757",N
P12,1,883,"1,202",177,"1,291",376,289,"2,332",N
P13,1,547,363,52,"1,139",223,60,774,N
P14,1,304,531,115,"1,305",316,216,422,N
P15,1,"1,639","1,543",296,"1,397","4,960",526,"1,272",N
P16,1,309,85,83,728,204,149,681,N
P17,1,"3,784",906,131,"1,483",802,271,"2,105",N
P18,1,"2,845","1,292",59,"1,035",439,462,"2,074",N
P19,1,"1,079",113,52,"1,616",319,14,337,N
P20,1,"2,204",850,239,5,648,160,"2,731",N
P21,1,"2,124",326,85,592,470,169,985,N
P22,1,625,320,76,"1,857",256,187,347,N
P23,1,995,"1,215",114,"1,604",482,380,"1,973",N
P24,1,303,240,44,982,177,54,-64,N
A1,2,"5,486",25,65,61,567,99,"2,072",N
A2,2,"2,460",710,81,"1,774",837,191,"1,617",N
A3,2,"4,135",75,40,"1,914",478,147,"1,605",N
A4,2,"1,314",227,51,365,239,183,"1,784",N
A5,2,"1,246",245,49,"1,068",261,141,"1,441",Y
A6,2,"1,340",488,182,315,544,419,587,N
A7,2,"3,263",444,212,301,554,148,"1,451",N
A8,2,"1,538",456,190,913,618,212,"2,564",N
A9,2,"2,954",132,84,882,328,106,"1,265",N
A10,2,"5,730","1,517",109,280,584,405,"1,371",N
A11,2,"4,490",347,139,"1,281",594,214,"1,761",N
A12,2,"5,649",927,126,535,989,245,"1,067",N
A13,2,"1,045",492,221,577,563,274,"1,438",N
A14,2,200,182,71,884,190,97,366,N
A15,2,"1,903",301,68,584,379,117,"1,196",N
A16,2,"3,125",529,84,617,422,119,"1,593",N
A17,2,346,224,72,646,198,127,538,N
A18,2,"2,707","1,075",206,"1,044",643,425,"1,382",N
A19,2,163,227,82,"1,143",233,140,477,N
A20,2,"3,892",412,159,"1,698",798,320,"3,254",N
A21,2,181,319,63,"1,067",182,135,263,N
A22,2,"3,395",690,196,"1,350",673,304,"10,552",N
A23,2,315,213,61,"1,881",244,136,253,N
A24,2,213,19,128,309,200,168,331,N
B1,2,890,408,91,"1,049",360,144,"1,577",N
B2,2,710,56,164,802,311,204,"1,196",N
B3,2,928,60,181,355,447,388,416,N
B4,2,"2,257","1,356",224,667,423,283,"5,317",N
B5,2,"4,953",419,182,10,454,300,634,N
B6,2,"1,865",20,63,702,439,122,332,N
B7,2,"2,376",323,262,539,455,456,317,N
B8,2,681,406,102,"1,688",577,164,"1,293",N
B9,2,140,81,112,"1,424",330,71,382,N
B10,2,180,20,52,"1,596",112,79,327,N
B11,2,"1,152",415,162,"1,566",437,206,"2,220",N
B12,2,-83,352,81,556,155,122,277,N
B13,2,"12,446",836,133,"1,899","1,173",323,"1,737",N
B14,2,576,"1,322",49,"1,162",179,92,"1,012",N
B15,2,"1,682",413,80,619,374,130,"1,700",N
B16,2,"3,545",272,80,507,422,68,982,N
B17,2,"9,377",400,227,708,598,258,741,N
B18,2,"6,429",94,85,"1,498",491,103,648,N
B19,2,"2,851",176,98,"1,171",434,236,"1,839",N
B20,2,"2,902",357,57,"1,304",312,182,"1,520",N
B21,2,"6,539",271,53,653,355,36,562,N
B22,2,460,196,35,"1,295",232,83,411,N
B23,2,956,351,51,"1,254",130,37,719,N
B24,2,"1,275",170,154,736,390,116,"2,494",Y
C1,2,312,111,50,648,87,73,569,N
C2,2,"2,038",249,88,878,698,55,"1,203",N
C3,2,"1,881",96,81,242,214,123,"1,405",N
C4,2,"2,593",212,48,"1,382",351,95,"1,575",N
C5,2,"5,760",484,196,174,655,266,713,N
C6,2,488,180,114,"1,236",267,170,"1,753",N
C7,2,"2,651",193,85,550,177,150,761,N
C8,2,"2,016",351,180,462,442,301,"1,185",N
C9,2,"3,692",593,79,553,526,225,"2,282",N
C10,2,"3,202",496,84,697,805,119,996,N
C11,2,"2,892",190,90,451,304,178,891,N
C12,2,"4,476",772,129,119,657,269,"1,263",N
C13,2,"2,050",137,79,935,330,68,615,N
C14,2,447,147,18,953,142,20,686,N
C15,2,"4,231",41,126,487,819,139,813,N
C16,2,"5,037",320,139,"1,018",677,174,847,N
C17,2,32,233,57,"1,079",149,81,446,N
C18,2,"6,788",813,165,50,989,326,"3,675",N
C19,2,"1,464",247,67,"1,663",251,140,"1,410",N
C20,2,"6,752",765,237,518,870,278,"1,365",N
C21,2,"6,301",745,112,519,675,335,"1,205",N
C22,2,"1,002",67,63,565,279,128,852,N
C23,2,"5,367",557,96,143,966,272,"2,153",N
C24,2,"1,406",320,118,748,275,381,487,N
D1,2,"1,644",351,85,378,245,116,404,N
D2,2,"7,134","2,559",263,813,959,575,"7,534",N
D3,2,"4,493",851,195,844,748,237,"2,455",N
D4,2,"1,667",272,110,"1,581",443,124,"1,137",N
D5,2,"1,341",514,118,"1,781",712,300,897,N
D6,2,"3,568",584,173,948,831,832,"6,972",N
D7,2,"2,125",191,33,383,325,174,520,N
D8,2,"5,598",325,105,673,722,61,811,N
D9,2,"4,358",425,111,822,"1,105",207,"1,656",N
D10,2,"3,358",384,106,741,419,153,916,N
D11,2,244,100,71,780,104,175,345,N
D12,2,386,103,52,989,182,106,110,N
D13,2,"7,151","1,108",156,411,765,267,330,N
D14,2,426,224,73,763,170,74,447,N
D15,2,"4,480",455,86,756,"1,021",54,624,N
D16,2,"5,026","1,009",120,822,805,193,"1,576",N
D17,2,"3,586",145,90,488,516,97,673,N
D18,2,731,201,68,"1,790",212,126,779,N
D19,2,"3,777",671,383,87,914,537,"1,505",N
D20,2,91,242,126,585,284,269,989,N
D21,2,"1,768",338,90,735,308,365,"2,468",N
D22,2,328,49,201,819,186,"1,328","9,138",N
D23,2,808,401,70,709,141,340,"1,164",N
D24,2,"4,856",403,85,290,339,334,"7,232",N
E1,2,142,32,87,"1,565",340,47,443,N
E2,2,"4,272","1,193",187,"1,484",662,284,"1,919",N
E3,2,"12,196","1,354",286,79,936,"1,376","2,071",N
E4,2,603,800,134,"1,227",555,241,"1,191",N
E5,2,"1,457",604,37,"1,637",304,123,566,Y
E6,2,"3,509",464,48,515,630,99,870,N
E7,2,"1,770",582,132,"1,068",344,285,931,N
E8,2,916,513,150,"1,194",515,191,830,Y
E9,2,"1,757",245,214,545,558,277,901,N
E10,2,"1,035",153,69,248,191,185,449,N
E11,2,"5,521",851,162,53,547,350,"2,056",N
E12,2,947,36,86,"1,422",141,72,152,N
E13,2,160,480,114,765,190,99,878,N
E14,2,"3,869",693,123,917,377,119,"1,234",N
E15,2,"1,435",226,97,519,359,138,"1,104",N
E16,2,125,519,58,"1,172",121,189,307,N
E17,2,509,741,92,"2,161",323,222,"5,063",N
E18,2,354,358,72,"1,269",397,42,632,N
E19,2,"3,874",982,109,"1,350",747,162,"2,428",N
E20,2,"1,265",414,166,"1,454",856,186,"1,295",Y
E21,2,"1,879",806,99,821,418,137,"1,295",N
E22,2,"6,374",663,317,49,952,350,"3,038",N
E23,2,583,413,52,"1,046",314,104,"1,565",N
E24,2,"4,551",643,266,356,895,264,"2,008",N
F1,2,"1,299",531,120,367,609,135,457,N
F2,2,"1,705",272,92,892,315,157,"1,963",N
F3,2,"2,241",106,65,856,706,20,890,N
F4,2,"1,982",675,292,"1,335","1,683",312,961,N
F5,2,160,454,143,"1,442",345,199,"1,797",N
F6,2,"2,885",200,65,923,448,128,"1,784",N
F7,2,"3,227",423,98,"1,018",472,159,"1,016",N
F8,2,"1,673",360,113,"1,180",498,141,"2,097",N
F9,2,797,454,100,"1,624",477,128,"1,235",N
F10,2,"3,122",485,54,"1,299",458,159,566,N
F11,2,233,214,77,718,155,170,829,N
F12,2,"5,841",327,172,"1,645",488,266,656,N
F13,2,910,292,83,"1,214",239,229,480,N
F14,2,"1,139",301,73,"2,102",330,84,684,Y
F15,2,"2,457",150,127,"1,089",334,108,474,N
F16,2,801,667,58,718,217,69,"1,232",N
F17,2,"1,176",700,153,"1,700",951,300,"2,159",Y
F18,2,"4,369",317,230,197,582,113,"1,165",N
F19,2,"4,052",852,29,357,271,72,"1,432",N
F20,2,"1,524",304,169,"1,088",510,201,764,N
F21,2,"4,919",220,82,575,684,131,"1,380",N
F22,2,"1,142",274,73,"1,193",287,110,564,N
F23,2,"3,255",676,88,923,429,171,"1,031",N
F24,2,"1,622",2,27,345,294,74,184,N
G1,2,"2,801",631,92,"1,541",613,92,"1,440",N
G2,2,709,211,96,"1,854",485,183,827,N
G3,2,"2,326",306,106,675,509,160,815,N
G4,2,"1,625",545,47,248,632,126,"1,008",N
G5,2,814,134,127,"1,510",348,134,"1,454",N
G6,2,362,266,116,214,271,243,980,N
G7,2,"1,373",394,83,832,362,123,969,N
G8,2,"5,763",592,124,598,829,262,"1,677",N
G9,2,199,-5,54,635,138,160,140,N
G10,2,19,378,121,"1,181",238,59,863,N
G11,2,"4,092",961,231,274,740,410,841,N
G12,2,989,283,253,-17,206,240,296,N
G13,2,"4,703",555,128,632,594,174,"1,839",N
G14,2,"2,883",994,316,"1,250",967,299,"1,856",N
G15,2,133,223,8,"1,037",546,179,448,N
G16,2,883,193,102,"1,610",878,159,"1,183",N
G17,2,"1,574",468,97,"1,350",471,136,"1,973",Y
G18,2,298,139,76,"1,174",324,40,399,N
G19,2,391,641,77,"1,124",207,81,942,N
G20,2,"4,227",699,167,"2,623",739,392,"7,679",N
G21,2,250,113,61,"1,166",176,120,909,N
G22,2,"14,130",494,86,54,762,80,345,N
G23,2,"4,172",209,135,"1,051",421,227,882,N
G24,2,"1,379",144,65,"1,242",227,84,208,N
H1,2,"1,475",516,138,"1,560",858,177,"1,111",Y
H2,2,713,-18,113,960,422,80,793,N
H3,2,"2,929","1,230",215,890,848,376,"1,736",N
H4,2,"1,713",422,84,"1,315",423,163,"1,131",N
H5,2,"1,775",654,124,820,295,338,733,N
H6,2,366,564,122,"1,296",363,219,703,N
H7,2,"1,664",799,132,458,652,201,"1,553",N
H8,2,511,107,60,"1,028",152,65,793,N
H9,2,"5,133",784,110,250,556,131,686,N
H10,2,"5,244",683,260,301,851,232,"2,644",N
H11,2,"9,328",653,290,195,948,379,"1,482",N
H12,2,"2,044",215,139,709,484,228,994,N
H13,2,"2,221",919,206,260,632,256,"1,659",N
H14,2,501,526,69,935,238,98,473,N
H15,2,"2,265","2,782",197,"2,358","1,355",271,"4,243",N
H16,2,"3,136",137,259,358,"1,179",300,468,N
H17,2,"1,716",166,33,588,312,70,"1,008",N
H18,2,"1,784",449,147,"1,194",705,198,"1,289",N
H19,2,432,829,155,540,322,290,956,N
H20,2,"1,707",235,83,675,267,38,576,N
H21,2,"2,714",633,117,983,393,186,"2,529",N
H22,2,"1,195",162,125,"1,235",536,277,771,N
H23,2,"1,255",262,110,"1,416",366,122,643,N
H24,2,"6,064",664,72,"1,768",629,151,"2,836",Y
I1,2,266,"2,831",28,709,111,"2,182","2,085",N
I2,2,"5,086",165,115,320,709,84,"1,122",N
I3,2,"3,284",426,68,482,503,147,"1,430",N
I4,2,"7,955","1,739",174,-175,883,330,"2,989",N
I5,2,72,328,57,240,187,310,138,N
I6,2,710,512,88,"2,071",880,100,512,N
I7,2,917,373,69,966,253,200,"1,314",N
I8,2,"5,218",803,202,"2,397","1,142",216,"1,513",N
I9,2,"1,997",72,117,944,402,151,693,N
I10,2,176,145,25,251,279,68,348,N
I11,2,792,-52,43,894,184,161,537,N
I12,2,17,818,52,382,265,380,935,N
I13,2,252,274,92,"1,698",165,113,"1,910",N
I14,2,"2,923",98,83,927,625,73,164,Y
I15,2,326,445,100,"1,018",317,203,541,N
I16,2,"1,419",405,79,"1,739",435,67,"1,489",Y
I17,2,"1,053",82,61,635,162,48,322,N
I18,2,"7,316","1,014",111,498,809,203,"2,011",N
I19,2,"2,042",90,61,784,131,113,761,N
I20,2,904,250,71,657,132,147,"1,063",N
I21,2,-58,-146,-13,"1,096",41,2,91,N
I22,2,"4,424",824,134,999,653,250,"1,128",N
I23,2,"2,312",127,75,769,346,107,573,N
I24,2,"3,746",770,139,120,647,80,"2,591",N
J1,2,"3,373",-52,141,537,386,199,"1,600",N
J2,2,989,-58,16,526,109,5,885,N
J3,2,"4,479",456,79,559,393,109,"1,045",N
J4,2,927,159,81,"1,285",271,131,"1,783",N
J5,2,38,320,152,158,403,484,148,N
J6,2,"5,679",343,138,"1,125",641,181,"1,168",N
J7,2,528,240,98,"1,673",216,151,849,N
J8,2,"1,843","1,010",265,255,846,"3,972","46,807",N
J9,2,247,165,122,770,205,147,"1,280",N
J10,2,922,278,53,"1,436",323,226,"1,213",N
J11,2,"2,331",619,46,"1,056",437,68,"1,275",N
J12,2,"3,770",474,104,37,723,145,898,N
J13,2,309,256,232,322,577,657,41,N
J14,2,"1,717",187,-73,"1,820",113,-87,307,N
J15,2,"1,573",-25,79,278,232,93,603,N
J16,2,"6,793",730,69,862,396,92,535,N
J17,2,"1,215",440,40,641,289,175,"1,665",N
J18,2,"4,992",666,71,"1,552",280,238,647,N
J19,2,"12,716",463,112,532,342,118,"2,267",N
J20,2,"1,791",81,81,"1,157",642,45,"1,064",N
J21,2,"2,664",511,62,"1,573",698,32,"2,618",Y
J22,2,111,40,124,"2,194",851,109,851,Y
J23,2,"3,880",461,56,718,177,90,315,N
J24,2,"1,651",383,77,"2,487",445,123,790,N
K1,2,"5,433",475,149,911,862,119,"1,095",N
K2,2,205,259,95,"1,454",201,171,983,N
K3,2,"4,555",378,108,288,709,127,797,N
K4,2,"7,214","1,810",222,"1,499","1,307",402,"2,085",N
K5,2,"3,006",265,214,738,348,232,"1,996",N
K6,2,"6,381","1,977",190,"1,058",958,346,"3,751",N
K7,2,"5,466",784,171,444,958,254,"2,990",N
K8,2,160,205,13,733,107,8,813,Y
K9,2,"1,201",482,84,"1,133",282,119,916,N
K10,2,"6,714",897,271,-45,862,330,"1,187",N
K11,2,913,400,78,"1,300",167,157,"1,000",N
K12,2,144,-11,59,"1,298",145,123,282,N
K13,2,702,264,34,948,78,119,780,Y
K14,2,"3,993",171,85,"1,195",734,73,"3,349",Y
K15,2,168,260,65,344,154,"1,077","6,017",N
K16,2,"1,860",385,56,"1,217",248,222,687,N
K17,2,"2,735",173,74,"1,196",277,85,582,N
K18,2,"6,602",182,72,159,806,94,"2,170",N
K19,2,"1,040",139,221,377,"2,232",253,345,N
K20,2,599,374,113,517,263,172,932,N
K21,2,108,179,50,858,156,104,600,N
K22,2,250,"1,015",69,179,373,404,523,N
K23,2,339,557,103,"1,564",263,171,"1,407",N
K24,2,132,265,60,742,164,153,711,N
L1,2,"1,461",413,102,"1,028",351,205,927,N
L2,2,345,626,217,811,293,"1,240","10,368",N
L3,2,256,170,80,491,217,138,-58,N
L4,2,844,682,112,"2,631",464,156,"3,266",N
L5,2,"2,187",328,118,"1,435",673,91,840,N
L6,2,"1,873",338,85,"2,081",395,172,"1,791",N
L7,2,"2,818",457,101,630,735,139,"2,389",N
L8,2,618,622,102,669,231,116,"1,786",N
L9,2,"1,900",270,45,715,277,-19,739,N
L10,2,"1,490","6,225",95,698,307,274,"5,937",N
L11,2,317,351,52,"1,647",257,144,436,N
L12,2,336,220,37,234,372,227,230,N
L13,2,"2,485",297,99,453,226,387,476,N
L14,2,"1,770",184,36,"1,717",193,78,792,N
L15,2,932,536,64,531,386,167,334,N
L16,2,"1,326",841,132,336,580,359,"1,100",N
L17,2,"1,923",98,137,373,533,358,"1,291",N
L18,2,205,203,93,"1,114",208,138,550,N
L19,2,"6,053",573,83,234,629,179,"2,658",N
L20,2,359,181,44,149,138,267,495,N
L21,2,"8,717",105,63,306,646,44,"1,288",N
L22,2,"2,907",139,76,-6,288,149,88,N
L23,2,"1,007",149,118,"1,642",361,98,"1,551",N
L24,2,-42,298,94,"1,399",119,174,536,N
M1,2,"3,971",478,185,671,816,247,"2,540",N
M2,2,314,148,43,"1,115",155,112,179,N
M3,2,"7,568",7,89,328,601,61,495,N
M4,2,"5,128",547,65,"1,436","1,608",179,757,N
M5,2,"1,129",164,55,507,196,154,0,N
M6,2,"5,371",607,111,500,556,214,"1,193",N
M7,2,"1,661",-113,20,543,197,34,798,N
M8,2,"4,014","1,170",354,122,709,419,"2,175",N
M9,2,"3,335","1,523",130,531,"1,125",162,"2,502",N
M10,2,"1,587",549,84,"2,338",344,175,"1,092",N
M11,2,"2,259",431,80,"2,415",372,90,"3,490",N
M12,2,"4,753",955,132,375,703,227,"2,970",N
M13,2,895,375,65,639,194,56,"1,719",N
M14,2,"1,990","1,358",163,"1,608","1,135",270,"2,265",N
M15,2,"4,894","1,168",153,662,888,244,"2,456",N
M16,2,417,223,70,768,210,126,787,N
M17,2,103,568,71,"1,913",245,190,"3,568",N
M18,2,"1,933",396,101,700,173,44,646,N
M19,2,"4,565",845,176,919,606,194,730,N
M20,2,"5,483",999,214,26,715,386,"1,164",N
M21,2,"2,327",242,70,"1,490",309,31,"1,588",N
M22,2,"2,679",172,89,273,644,127,937,N
M23,2,"3,224",244,101,921,462,212,"1,809",N
M24,2,"1,515",-45,61,967,163,88,"2,259",N
N1,2,23,175,116,911,182,129,311,N
N2,2,"4,624",855,126,"1,029",550,175,"1,919",N
N3,2,410,217,119,415,373,158,230,N
N4,2,816,434,176,"1,762",447,337,683,N
N5,2,645,365,113,911,505,188,"1,082",N
N6,2,101,334,118,"1,645",198,180,"1,256",N
N7,2,"1,101",278,79,642,153,101,"1,861",N
N8,2,"2,756",913,18,"1,629",342,133,725,N
N9,2,778,253,92,"1,773",288,186,"1,684",N
N10,2,535,646,80,426,265,114,673,N
N11,2,180,236,101,"1,533",178,122,210,N
N12,2,519,559,92,"2,354",253,149,"1,890",N
N13,2,"1,097",689,114,785,260,458,328,N
N14,2,"2,600","1,197",165,786,707,241,"1,284",N
N15,2,"2,526",433,70,"1,027",409,144,311,N
N16,2,"2,313",254,38,968,147,154,892,N
N17,2,"1,237",333,31,613,201,81,558,N
N18,2,"1,422",730,151,611,497,409,"1,237",N
N19,2,141,71,59,"1,593",153,169,"2,319",N
N20,2,380,541,66,163,122,81,-203,N
N21,2,"1,664",296,55,"1,802",166,100,"1,856",N
N22,2,"1,204",180,87,559,302,203,"1,421",N
N23,2,110,292,80,"1,161",148,84,137,N
N24,2,"13,430",754,181,78,761,255,"2,931",N
O1,2,32,397,78,"1,213",148,140,267,N
O2,2,938,76,54,628,138,131,234,N
O3,2,"1,345",476,165,"1,113","1,329",249,782,N
O4,2,"2,716",399,108,872,412,156,"1,061",N
O5,2,"1,060",672,166,191,407,438,"1,691",N
O6,2,"4,489",438,96,290,552,175,576,N
O7,2,"3,713",458,99,886,395,"1,075","19,025",N
O8,2,617,180,92,733,227,233,"1,250",N
O9,2,"3,459",380,97,672,283,36,"4,316",N
O10,2,375,365,93,703,265,97,"1,099",N
O11,2,"1,052",280,263,"1,457",562,315,670,N
O12,2,"13,938",355,106,"1,898",850,280,"3,370",N
O13,2,"3,637",677,69,597,479,101,727,N
O14,2,-86,120,49,640,343,70,437,N
O15,2,730,4,47,785,130,91,156,N
O16,2,"1,246",145,242,-316,132,"1,122","51,058",N
O17,2,"6,257","1,539",149,717,"1,131",201,"2,214",N
O18,2,217,171,73,"1,936",168,83,561,N
O19,2,874,301,183,"1,156",442,198,785,N
O20,2,740,"1,210",147,"1,666",458,154,"1,683",N
O21,2,"1,076",125,63,268,234,148,495,N
O22,2,"2,535",734,194,754,682,307,"1,348",Y
O23,2,704,961,257,"2,510",507,370,"1,116",N
O24,2,"1,965","1,351",109,924,745,182,"2,230",N
P1,2,117,98,14,"1,034",108,139,6,N
P2,2,"1,918",317,125,527,761,169,"2,253",N
P3,2,"1,172",955,190,802,473,642,396,N
P4,2,"7,358",846,208,221,"1,172",284,"3,332",N
P5,2,477,139,54,928,174,66,712,N
P6,2,"2,126",188,74,"1,035",351,94,"1,640",N
P7,2,526,102,44,"1,493",110,140,"1,030",N
P8,2,"1,021",201,64,"1,988",234,76,"1,558",N
P9,2,618,675,106,"1,041",246,128,"1,623",N
P10,2,756,370,228,"1,216",614,363,"2,028",N
P11,2,452,385,84,"1,017",320,167,"1,422",N
P12,2,915,443,51,676,272,68,852,N
P13,2,"1,721",124,109,"1,070",320,153,463,N
P14,2,148,127,38,689,162,46,-47,N
P15,2,"5,553",630,112,565,718,210,"1,428",N
P16,2,276,150,57,"1,037",120,85,608,N
P17,2,"8,220",348,118,732,"1,178",236,"1,123",N
P18,2,226,315,63,"1,511",228,185,256,N
P19,2,"-1,141",455,65,"1,274",121,"2,933","37,452",N
P20,2,"1,286",814,154,466,466,389,762,N
P21,2,67,95,101,"1,392",217,142,72,N
P22,2,"1,003",200,111,"1,046",459,142,"2,362",N
P23,2,"1,830",242,34,"1,284",512,118,103,N
P24,2,"3,583","1,316",294,176,632,591,"4,036",N
A1,3,"5,172",691,204,524,"1,135",238,"2,242",N
A2,3,"4,986",215,62,218,307,76,433,N
A3,3,267,109,51,866,107,110,227,N
A4,3,38,64,24,127,693,60,198,N
A5,3,"3,657","1,460",198,864,658,175,"2,416",N
A6,3,545,80,148,878,511,182,692,N
A7,3,"2,209",553,27,854,165,7,810,N
A8,3,"1,502",434,48,581,281,129,-38,N
A9,3,"1,654",99,51,"1,564",425,44,669,Y
A10,3,"1,788",243,44,924,334,106,"4,340",N
A11,3,"1,927",117,86,"1,586",389,177,"1,118",Y
A12,3,557,224,81,"2,347",344,94,"1,035",N
A13,3,483,608,85,"2,029",239,177,"2,169",N
A14,3,"4,420",566,122,588,594,151,"1,034",N
A15,3,"1,688",41,117,"1,855",306,171,636,N
A16,3,547,235,117,"1,938",427,213,768,N
A17,3,"2,754",322,68,"1,196",352,66,"1,326",Y
A18,3,"1,821",407,55,805,189,201,"1,149",N
A19,3,310,713,208,889,329,310,"6,823",N
A20,3,"5,201",192,115,"1,018",840,110,"1,191",N
A21,3,147,273,36,"2,237",189,78,718,N
A22,3,"1,655",429,86,"1,191",373,120,"2,176",N
A23,3,529,205,38,359,194,171,297,N
A24,3,"1,141",168,65,"1,013",334,53,623,N
B1,3,369,309,72,"1,963",161,18,877,N
B2,3,"4,206","1,448",286,961,718,388,"2,449",N
B3,3,"3,405",976,236,610,925,373,"1,596",N
B4,3,"4,369",729,143,517,555,238,"1,333",N
B5,3,229,134,68,565,100,101,282,N
B6,3,163,714,71,680,180,238,385,N
B7,3,301,259,126,368,435,325,371,N
B8,3,"4,714",516,69,"1,052",508,216,"1,798",N
B9,3,"4,403",986,82,526,814,142,686,N
B10,3,"6,992",670,175,652,937,285,"2,246",N
B11,3,918,477,118,"1,118",387,231,"1,041",N
B12,3,"3,218","1,273",308,924,776,647,"3,418",N
B13,3,"2,184",-107,62,660,544,77,642,N
B14,3,589,138,31,733,424,84,977,N
B15,3,"1,471",151,40,716,338,-9,406,N
B16,3,587,305,102,"1,050",199,112,828,N
B17,3,345,310,85,994,664,163,399,Y
B18,3,746,465,167,"2,522",348,233,"1,177",N
B19,3,"3,874",341,22,"1,132",282,86,"1,010",N
B20,3,843,464,91,441,312,211,919,N
B21,3,"2,156",395,99,987,433,201,"1,403",N
B22,3,"4,087",366,123,518,627,63,"2,888",N
B23,3,"3,194",500,101,521,398,138,539,N
B24,3,"4,985",537,144,210,569,156,496,N
C1,3,827,258,71,"2,617",612,127,337,N
C2,3,360,461,78,826,288,137,"2,380",Y
C3,3,527,112,47,84,159,121,30,N
C4,3,294,338,72,569,331,144,990,N
C5,3,425,174,68,780,133,114,416,N
C6,3,590,287,77,"1,397",253,106,"1,453",N
C7,3,"3,034","1,685",290,"1,467",811,863,"1,795",N
C8,3,881,181,89,567,246,191,415,N
C9,3,"5,366",541,74,293,812,214,"1,510",N
C10,3,480,408,58,974,224,76,583,N
C11,3,408,162,103,913,514,157,"2,306",N
C12,3,"4,678",769,155,"1,565",940,126,"1,817",N
C13,3,"1,635",564,233,"1,017",427,322,"4,354",N
C14,3,"2,636",171,117,"1,102",338,128,"1,394",N
C15,3,9,87,26,117,83,136,82,N
C16,3,138,191,41,171,199,173,349,N
C17,3,82,201,43,"1,114",83,112,"3,258",N
C18,3,"5,469",279,145,464,978,165,794,N
C19,3,-140,396,115,"1,565",149,116,"1,195",N
C20,3,448,318,88,"1,790",268,175,"1,009",Y
C21,3,"1,243","2,906",162,977,444,406,"6,850",N
C22,3,"1,753",754,99,601,267,250,"1,237",N
C23,3,"6,102","1,544",50,216,514,"4,380","77,736",N
C24,3,949,241,130,476,412,182,490,N
D1,3,"1,135",406,149,798,396,341,378,N
D2,3,"2,353",400,122,"1,000",877,185,"2,392",N
D3,3,"1,385",201,154,881,431,131,996,N
D4,3,234,319,74,525,271,142,261,N
D5,3,859,301,80,851,232,97,749,N
D6,3,"6,324",405,140,"1,531",482,174,"1,768",N
D7,3,"2,664",127,41,"2,780",467,67,"2,505",N
D8,3,596,438,103,"1,661",475,81,"1,510",N
D9,3,404,-54,54,779,163,95,165,N
D10,3,"1,180",199,60,"1,034",312,6,955,N
D11,3,"5,396",824,201,626,730,256,"2,899",N
D12,3,"1,407",162,171,170,981,145,501,N
D13,3,"5,172",210,117,952,282,131,"1,168",N
D14,3,625,361,42,736,198,101,294,N
D15,3,"4,046",193,107,964,263,111,"1,276",N
D16,3,"5,513",304,203,447,582,213,398,N
D17,3,293,-55,57,815,155,70,416,N
D18,3,"2,960",431,84,754,501,166,"1,343",N
D19,3,63,337,31,188,169,231,355,N
D20,3,267,397,105,"1,541",294,378,"1,201",N
D21,3,"1,050",313,104,"1,234",607,219,465,N
D22,3,678,486,42,289,238,160,720,N
D23,3,"2,757",643,116,629,511,160,"2,848",N
D24,3,6,48,61,914,206,85,391,N
E1,3,776,251,103,844,458,196,"1,743",N
E2,3,"2,775",722,138,"1,489",368,232,"1,355",N
E3,3,268,188,81,"1,777",174,125,849,N
E4,3,"5,528",342,159,582,917,120,"3,420",N
E5,3,"8,617",181,71,863,764,109,665,N
E6,3,"1,272",499,89,746,340,139,"1,325",N
E7,3,"2,136","1,278",178,"1,319",858,292,"3,113",N
E8,3,949,-226,-10,50,81,114,235,N
E9,3,147,587,77,934,156,112,40,N
E10,3,"6,854",615,168,978,"1,176",248,"2,229",N
E11,3,"4,376",348,166,771,"1,018",200,"1,793",N
E12,3,"13,960",291,166,566,533,171,"1,424",N
E13,3,593,73,69,"1,104",103,102,296,N
E14,3,291,132,68,812,257,67,549,N
E15,3,"1,640",860,257,516,619,472,"1,048",N
E16,3,"3,309",485,89,82,316,295,498,N
E17,3,85,0,54,"1,148",98,88,351,N
E18,3,654,640,128,"1,951",407,185,"1,244",N
E19,3,"1,438","1,397",124,527,695,429,"2,583",N
E20,3,"3,144",161,96,941,720,131,608,N
E21,3,"1,663",217,69,876,326,56,"3,267",N
E22,3,"2,566",552,66,"1,291",478,103,"1,366",N
E23,3,235,193,41,"1,040",119,131,83,N
E24,3,"7,705",939,118,"1,325",719,210,862,Y
F1,3,"2,774",-4,37,837,412,44,788,N
F2,3,"2,525",296,146,"1,870",853,118,675,Y
F3,3,378,-83,85,818,282,138,"5,853",N
F4,3,"1,153",68,58,996,322,134,307,N
F5,3,658,262,55,938,159,103,524,N
F6,3,-689,540,205,321,250,"1,608","19,888",N
F7,3,562,354,78,579,198,121,354,N
F8,3,274,451,59,"1,264",110,60,519,N
F9,3,"1,262",443,121,478,391,391,940,N
F10,3,451,193,49,"1,035",169,69,777,N
F11,3,"1,372",270,79,"1,325",182,56,927,N
F12,3,"1,277",173,104,698,508,180,"3,882",N
F13,3,816,206,185,"1,506",441,224,"1,364",N
F14,3,192,40,61,"1,090",136,89,242,N
F15,3,960,449,64,"1,266",480,109,"2,121",N
F16,3,"1,085",263,110,400,404,301,340,N
F17,3,"13,865",274,89,268,624,148,871,N
F18,3,"1,193",131,83,"1,392",196,80,545,N
F19,3,967,364,137,"1,110",668,170,900,N
F20,3,"1,625",192,121,"1,022",402,142,"2,620",N
F21,3,"1,057",619,208,92,455,393,"1,231",N
F22,3,420,494,186,172,376,445,496,N
F23,3,352,136,46,997,160,199,484,N
F24,3,"1,159",803,92,939,413,207,532,N
G1,3,"8,941",230,65,-180,264,109,"2,034",N
G2,3,"1,497",540,125,"2,287",402,186,"1,227",N
G3,3,"3,644",560,182,877,"1,025",270,"3,522",N
G4,3,747,31,151,"1,743",505,140,688,N
G5,3,710,197,69,"1,217",355,28,410,N
G6,3,-61,-55,47,"1,121",87,18,784,N
G7,3,"2,947",91,127,"2,133",713,272,"2,224",N
G8,3,568,78,82,790,302,79,953,N
G9,3,"2,263",319,50,"1,273",525,48,736,N
G10,3,655,304,57,"1,177",172,63,437,N
G11,3,"2,735","1,210",26,-31,"1,071",139,"1,477",N
G12,3,"1,050",-42,49,944,315,103,264,N
G13,3,"1,565",191,119,"1,688",447,148,864,N
G14,3,538,160,91,"1,178",196,179,553,N
G15,3,"1,253","1,102",126,989,264,973,"2,852",N
G16,3,856,263,191,"1,034",399,259,"2,132",N
G17,3,"11,712",383,137,541,957,224,"1,194",N
G18,3,876,"1,710",168,814,452,327,"2,874",N
G19,3,"1,776",150,75,958,285,126,"1,137",N
G20,3,318,128,95,"2,085",185,120,458,N
G21,3,"4,012","1,307",196,902,555,266,"8,431",N
G22,3,640,159,41,427,222,45,319,N
G23,3,937,451,135,"2,369",491,258,"2,866",N
G24,3,"4,501",622,142,310,629,175,"2,153",N
H1,3,645,31,70,"1,056",159,65,219,N
H2,3,"2,516",582,119,"1,087",910,89,788,Y
H3,3,"4,739",538,64,835,531,101,"1,392",N
H4,3,495,111,44,"1,135",295,114,616,N
H5,3,"6,719",463,100,"1,068",866,129,"1,458",N
H6,3,"5,597","1,499",363,"1,407","1,555",519,"10,408",N
H7,3,"1,586",95,57,"1,371",300,59,"1,162",N
H8,3,670,255,74,"1,078",241,103,921,N
H9,3,82,271,51,457,135,130,391,N
H10,3,"4,049",-29,63,602,564,150,320,N
H11,3,"1,671",330,102,559,311,51,751,N
H12,3,"1,817",168,80,649,226,90,326,N
H13,3,938,592,198,"1,193",941,255,591,N
H14,3,889,144,50,"1,165",229,38,665,N
H15,3,52,335,37,253,71,159,95,N
H16,3,245,369,139,"1,737",267,174,728,N
H17,3,"8,569",584,331,-79,619,375,"1,062",N
H18,3,723,198,51,988,290,70,335,N
H19,3,"5,086",265,87,322,651,198,625,N
H20,3,"2,042",974,212,167,419,525,"3,177",N
H21,3,195,39,89,660,149,105,188,N
H22,3,"2,225",225,105,773,394,57,"1,306",N
H23,3,339,329,87,343,297,510,454,N
H24,3,519,494,119,"1,952",295,106,"2,703",N
I1,3,821,30,47,688,247,167,72,N
I2,3,"1,871",73,123,"1,172",463,68,"1,046",Y
I3,3,83,940,135,"1,950",259,218,"1,413",N
I4,3,426,427,125,"1,122",252,148,"1,173",N
I5,3,336,83,39,932,109,54,115,N
I6,3,"2,722",412,83,785,631,103,709,N
I7,3,"1,902","1,126",87,425,356,141,"1,073",N
I8,3,499,337,38,777,259,423,363,N
I9,3,"3,770",742,128,695,"1,362",178,"1,411",N
I10,3,"4,595",720,85,518,377,113,"3,526",N
I11,3,"1,585",470,107,"1,388",905,147,959,N
I12,3,"5,745","1,191",199,"1,123",722,328,"1,692",N
I13,3,539,181,65,992,206,27,112,N
I14,3,94,118,56,183,157,279,329,N
I15,3,"2,233",839,172,567,826,357,"1,795",N
I16,3,19,13,53,"1,355",168,86,387,N
I17,3,"1,057",144,60,673,506,93,"1,945",Y
I18,3,"2,489",275,65,797,499,98,"1,637",Y
I19,3,878,205,99,"1,582",221,102,351,N
I20,3,"2,814",656,171,395,370,152,"2,809",N
I21,3,"1,928",52,60,219,207,142,284,N
I22,3,312,189,69,"1,397",184,122,902,N
I23,3,494,59,117,844,243,177,335,N
I24,3,74,948,41,171,219,180,"1,125",N
J1,3,266,183,90,867,469,208,482,N
J2,3,252,117,38,608,121,119,"1,063",N
J3,3,753,383,85,309,365,45,124,N
J4,3,"2,117",240,89,508,416,73,674,N
J5,3,"1,172",212,123,175,372,318,119,N
J6,3,512,234,42,"1,221",202,106,"1,942",N
J7,3,"2,630",184,59,"1,205",814,117,934,N
J8,3,111,137,48,"1,225",104,127,842,N
J9,3,"6,655",606,181,"1,424","1,040",210,"1,543",N
J10,3,"5,783",502,48,539,517,83,605,N
J11,3,"3,500",550,54,912,543,95,"2,349",N
J12,3,"2,195",958,122,577,385,364,"1,108",N
J13,3,39,274,210,968,292,554,"23,242",N
J14,3,"15,817",412,83,272,494,41,564,N
J15,3,525,35,115,305,228,188,505,N
J16,3,"1,858",262,30,769,761,-10,816,Y
J17,3,280,54,105,"2,449",792,130,654,Y
J18,3,"2,439",308,125,566,823,121,148,N
J19,3,302,752,106,820,199,202,199,N
J20,3,614,302,305,543,514,242,"1,050",N
J21,3,359,682,113,"2,099",286,137,"1,048",N
J22,3,"2,218",768,122,"2,942",827,206,"3,118",N
J23,3,"1,231",57,124,"1,115",417,189,710,N
J24,3,"1,027",-127,75,374,166,169,379,N
K1,3,"3,916","1,256",161,426,534,262,"1,683",N
K2,3,937,498,63,"1,582",246,163,268,N
K3,3,656,391,91,506,343,150,796,N
K4,3,"1,282",590,160,"1,358",480,98,"2,021",N
K5,3,270,"1,203",94,"1,077",256,142,608,N
K6,3,597,279,83,897,306,171,834,N
K7,3,67,139,103,"2,950",365,125,633,N
K8,3,"1,782",735,108,334,193,192,824,N
K9,3,-342,49,219,631,157,485,"21,018",N
K10,3,174,385,44,"1,258",245,111,358,N
K11,3,"4,479",887,119,402,589,109,"1,258",N
K12,3,"2,675",753,78,"1,676",510,278,"2,641",N
K13,3,"6,572",475,91,409,597,154,"1,235",N
K14,3,"3,136","1,924",160,707,912,99,"1,192",N
K15,3,"1,608",968,78,"1,197",258,94,796,N
K16,3,"1,593",254,75,"1,742",227,113,"1,103",N
K17,3,508,124,57,"1,700",244,74,457,N
K18,3,"1,574",777,94,"1,419",372,174,"4,042",N
K19,3,486,191,63,"1,097",266,135,636,N
K20,3,"3,274",63,109,522,442,106,910,N
K21,3,"3,327",593,136,892,496,182,"1,671",N
K22,3,"2,149","1,191",219,"1,814",421,248,"5,464",Y
K23,3,"1,597",479,256,649,556,297,"5,636",N
K24,3,693,-112,96,"1,993",269,57,843,N
L1,3,"2,332",179,51,228,314,171,288,N
L2,3,305,133,50,969,147,67,778,N
L3,3,"5,779",850,156,895,"1,307",180,"1,484",N
L4,3,859,-177,73,"1,532",329,52,687,N
L5,3,"1,182",245,61,"1,977",223,125,826,N
L6,3,"3,108",822,286,444,990,602,"1,147",N
L7,3,274,184,98,"1,145",215,105,308,N
L8,3,609,153,82,"1,058",207,103,371,N
L9,3,567,235,50,915,151,52,567,N
L10,3,414,75,82,"1,336",245,87,758,Y
L11,3,"2,391",537,90,852,707,62,607,N
L12,3,904,156,68,"1,857",182,62,581,N
L13,3,549,-71,36,947,259,97,689,N
L14,3,"3,024",646,159,581,"1,381",127,"1,052",N
L15,3,387,398,101,"1,192",402,85,544,N
L16,3,"1,585",267,94,689,562,102,"1,043",N
L17,3,201,42,28,"1,001",118,51,"1,290",N
L18,3,"3,710",411,110,434,714,165,"1,890",N
L19,3,"2,506",249,100,926,299,275,"1,098",N
L20,3,"1,601",214,64,855,155,109,174,N
L21,3,"1,241",696,255,"1,394",586,451,"2,598",N
L22,3,"9,804","1,532",293,0,836,837,"9,363",N
L23,3,"1,493",277,82,562,294,107,320,N
L24,3,695,289,125,"1,340",336,231,92,N
M1,3,267,88,86,"1,188",130,125,693,N
M2,3,767,261,48,451,117,116,660,N
M3,3,293,8,63,565,86,77,585,N
M4,3,"1,638",339,108,"2,035","1,436",81,"1,015",Y
M5,3,"3,534",122,59,"1,785",940,91,"2,010",Y
M6,3,-16,283,104,"1,272",417,216,871,N
M7,3,327,-40,43,949,159,108,"1,641",N
M8,3,"2,205",257,112,461,527,189,728,Y
M9,3,545,308,77,"1,271",275,203,"1,120",N
M10,3,"7,716",278,49,579,507,96,"2,103",N
M11,3,"1,632",503,96,"1,946",677,128,557,N
M12,3,871,368,75,507,124,165,501,N
M13,3,986,113,120,"1,969",349,96,395,N
M14,3,"2,751",387,230,231,825,687,"3,828",N
M15,3,"4,393",472,57,233,706,70,"1,338",N
M16,3,"2,225",564,94,672,450,143,"2,313",N
M17,3,"2,097",361,107,"1,091",457,122,"1,598",N
M18,3,521,338,53,"1,790",230,111,"2,185",N
M19,3,"2,009",323,48,901,429,12,434,N
M20,3,"1,834",439,182,455,445,427,249,N
M21,3,896,309,118,"1,004",312,157,934,N
M22,3,293,479,116,"1,936",233,298,"2,741",N
M23,3,"1,211",938,299,"1,706",611,316,"1,265",N
M24,3,"2,740",574,129,472,558,224,"1,268",N
N1,3,944,156,59,976,210,69,314,N
N2,3,"2,010",325,129,995,482,216,820,N
N3,3,"1,960",499,76,"2,352",485,299,"1,306",N
N4,3,"1,108",710,139,"1,049",402,309,"2,405",N
N5,3,521,198,61,"1,040",153,54,271,N
N6,3,782,721,217,"1,852",582,331,"1,213",N
N7,3,"1,017",734,115,788,423,177,"1,220",N
N8,3,959,39,85,"1,387",248,36,551,N
N9,3,868,403,152,"1,247",280,241,988,N
N10,3,"1,418",61,24,"1,026",138,56,"1,778",N
N11,3,471,165,64,840,314,147,835,N
N12,3,"3,204",418,215,280,511,440,"6,180",N
N13,3,"1,278",133,45,373,201,97,631,N
N14,3,"1,552",18,79,645,307,110,831,N
N15,3,903,406,100,"1,327",670,88,801,N
N16,3,"1,250",251,95,713,314,248,-54,N
N17,3,913,-85,60,711,154,123,437,N
N18,3,238,152,71,968,162,136,"1,642",N
N19,3,202,-150,76,"1,058",182,156,278,N
N20,3,818,171,46,"1,324",201,111,"1,129",N
N21,3,232,52,51,"2,047",72,81,962,N
N22,3,"4,341",357,75,819,787,105,"1,190",N
N23,3,"1,358",500,100,978,438,170,"2,317",N
N24,3,407,48,101,"1,508",347,157,"1,095",N
O1,3,"4,385",447,25,315,300,115,"1,065",N
O2,3,"2,521",-131,95,115,63,52,"1,409",N
O3,3,410,654,149,"1,949",333,299,"1,033",N
O4,3,"4,951","1,054",164,727,"1,254",158,"1,129",N
O5,3,831,337,209,"1,318",494,248,"1,040",N
O6,3,"1,856",46,54,879,136,66,276,N
O7,3,"2,479",791,207,"1,792",835,248,653,N
O8,3,"1,543",622,110,"1,320",495,168,"1,810",N
O9,3,"1,264",592,96,475,257,124,369,N
O10,3,"1,946",700,259,-24,535,253,336,N
O11,3,"4,037",680,145,355,700,106,472,N
O12,3,153,473,59,722,204,195,"1,580",N
O13,3,"9,727",538,115,"1,288",586,177,685,N
O14,3,"1,033",-26,132,719,318,252,"1,013",N
O15,3,"1,686",578,94,"1,169",274,176,"2,358",N
O16,3,"10,894",344,67,409,607,194,637,N
O17,3,"3,090",274,105,"1,071",591,116,"1,763",N
O18,3,"3,690",562,169,476,636,651,"1,433",N
O19,3,187,231,158,832,359,255,236,N
O20,3,391,-100,61,"1,392",245,89,931,Y
O21,3,"1,571",438,150,"1,017",397,188,"2,876",N
O22,3,"1,994",500,362,312,813,397,727,N
O23,3,386,477,136,"1,058",515,266,800,N
O24,3,420,245,27,386,161,237,471,N
P1,3,"1,532",553,110,"1,113",975,246,"1,227",N
P2,3,"2,181",553,107,"1,835",493,122,"2,352",N
P3,3,689,315,65,"1,235",245,84,"1,832",N
P4,3,705,78,63,"1,007",222,30,521,N
P5,3,-37,501,169,944,235,233,"1,126",N
P6,3,343,418,52,894,172,91,593,N
P7,3,"2,916",967,106,"2,180",559,164,"1,144",N
P8,3,986,572,66,954,236,109,"1,162",N
P9,3,111,69,70,"1,148",184,54,937,N
P10,3,"1,281",177,91,620,241,113,"1,079",N
P11,3,914,557,213,233,535,384,207,N
P12,3,227,502,98,622,186,176,"4,014",N
P13,3,"5,179",603,251,798,849,510,"1,307",N
P14,3,268,555,166,"1,136",361,310,189,N
P15,3,"3,618",575,185,485,549,221,"1,860",N
P16,3,"2,609",180,67,879,655,76,765,N
P17,3,417,225,12,591,70,99,226,N
P18,3,"1,247",355,52,443,164,72,657,N
P19,3,"2,732",740,164,385,424,475,"1,295",N
P20,3,50,144,38,309,144,145,287,N
P21,3,509,354,98,951,257,163,283,N
P22,3,"4,197",723,133,886,358,116,"1,910",N
P23,3,"2,932",567,108,759,766,118,"4,076",N
P24,3,226,135,58,"1,664",241,108,751,N
A1,4,612,393,100,"1,584",411,140,"1,494",N
A2,4,"1,354",271,47,488,227,79,"1,222",N
A3,4,"1,302",467,9,614,326,152,-39,N
A4,4,"1,188",119,65,"1,079",259,142,"1,197",N
A5,4,"7,225",784,98,552,831,120,"1,333",N
A6,4,"1,223",942,186,620,511,256,"3,665",N
A7,4,693,55,35,784,216,101,23,N
A8,4,"2,415",290,175,122,574,278,"1,306",N
A9,4,669,480,85,812,275,165,633,N
A10,4,"6,234",579,53,706,492,91,592,N
A11,4,"3,994",131,167,96,494,350,659,N
A12,4,449,244,132,"1,390",296,215,"1,194",N
A13,4,"3,048","1,307",214,580,790,311,"1,659",N
A14,4,"11,358",343,72,"1,484",833,117,"1,223",N
A15,4,"3,412",295,164,699,728,216,550,N
A16,4,275,670,134,"1,137",380,159,759,N
A17,4,699,204,84,"1,790",302,108,"1,389",N
A18,4,"1,372",518,98,729,216,120,"1,117",N
A19,4,"1,081",458,64,"1,407",314,100,872,N
A20,4,"3,573",226,73,525,733,114,794,N
A21,4,222,98,31,"1,323",299,85,877,N
A22,4,"3,305",477,60,611,645,164,"1,029",N
A23,4,"2,236","1,136",94,"2,068",629,117,"2,380",N
A24,4,254,167,55,774,200,55,94,N
B1,4,"14,196","2,206",314,284,"1,097",677,"3,108",N
B2,4,"5,918",546,177,467,811,177,"3,534",N
B3,4,"7,311",261,47,374,312,194,174,N
B4,4,"2,754",281,98,"1,631",283,204,499,N
B5,4,"3,915",413,87,336,528,104,965,N
B6,4,"4,493",616,150,402,510,140,"1,166",N
B7,4,"5,103",553,169,744,"1,755",204,"1,647",N
B8,4,210,260,64,"1,138",184,68,"1,069",N
B9,4,"12,977","2,618",146,-173,640,198,480,N
B10,4,848,188,108,968,323,158,"1,446",N
B11,4,770,56,123,263,363,177,243,N
B12,4,287,487,119,619,258,284,"3,004",N
B13,4,"2,529",618,95,"1,591",522,204,"1,568",N
B14,4,188,537,75,"2,367",267,118,"1,394",N
B15,4,"3,744",379,259,298,556,500,"2,572",N
B16,4,"3,474","1,036",270,462,645,480,"1,873",N
B17,4,"2,636",683,125,"1,521",430,296,"1,478",N
B18,4,"2,692",571,98,"1,282",320,178,299,N
B19,4,987,440,88,"2,003",343,124,921,N
B20,4,"1,052",502,78,"1,033",217,134,922,N
B21,4,809,299,143,"1,600",272,146,"1,240",N
B22,4,460,419,139,"1,248",283,143,928,N
B23,4,"1,277",818,299,"1,254",641,413,"2,463",N
B24,4,481,748,42,867,217,35,461,N
C1,4,609,59,33,218,240,205,400,N
C2,4,447,-26,46,991,172,72,"1,183",N
C3,4,"5,935",402,100,826,999,258,"1,304",N
C4,4,335,766,111,"1,376",283,166,"1,545",N
C5,4,"2,053","3,252",179,855,347,479,"6,474",N
C6,4,537,387,68,346,139,100,245,N
C7,4,440,56,100,"1,061",289,117,"1,103",N
C8,4,"3,351",321,111,709,716,227,"2,462",N
C9,4,"1,094",405,42,879,139,37,650,N
C10,4,"7,745",623,113,"1,795",495,197,"2,336",N
C11,4,"7,144",584,54,501,304,144,"1,758",N
C12,4,433,40,67,870,167,120,459,N
C13,4,479,57,215,743,412,313,571,N
C14,4,"1,389",719,142,607,532,228,722,N
C15,4,"1,059",183,65,"1,347",356,104,"1,759",N
C16,4,"1,940",187,40,853,215,112,838,N
C17,4,"3,830",348,88,610,335,275,678,N
C18,4,765,372,89,316,284,194,10,N
C19,4,355,143,33,93,173,252,220,N
C20,4,"1,106",274,77,591,236,188,396,N
C21,4,"3,825",435,254,46,757,209,633,N
C22,4,"2,826",824,81,228,848,197,"1,490",N
C23,4,"2,293",210,124,"1,662",661,242,"1,000",N
C24,4,"3,329",878,113,-40,383,205,"1,233",N
D1,4,"6,466",280,70,550,575,223,"1,175",N
D2,4,198,59,92,"1,138",259,196,776,N
D3,4,"3,794",393,151,119,812,128,352,N
D4,4,584,58,129,"1,065",391,100,402,N
D5,4,48,-69,14,835,222,57,182,N
D6,4,"1,230",119,97,"1,039",259,106,665,N
D7,4,"3,772",661,205,404,673,236,"1,545",N
D8,4,934,225,34,"1,361",306,88,"1,909",N
D9,4,"1,343",533,139,"1,188",862,137,756,N
D10,4,"2,243",677,61,"1,073",243,171,813,N
D11,4,409,268,105,"2,090",383,86,950,N
D12,4,890,345,-1,79,19,516,501,N
D13,4,469,227,80,"1,777",201,146,475,N
D14,4,950,517,124,944,290,211,"1,810",N
D15,4,"1,995",246,109,825,746,209,"2,081",N
D16,4,"2,747",500,240,551,469,454,"3,737",N
D17,4,497,71,17,"1,606",200,95,"1,031",N
D18,4,639,181,41,102,242,240,235,N
D19,4,"2,727",247,47,233,757,82,"1,477",N
D20,4,892,449,79,"1,508",541,219,"3,145",N
D21,4,"3,702",585,81,666,382,255,867,N
D22,4,"3,477",932,121,215,827,225,"8,403",N
D23,4,539,433,205,"1,191",545,243,"2,602",N
D24,4,"1,131",205,76,"1,239",425,127,-13,N
E1,4,696,495,74,759,386,100,"1,274",N
E2,4,707,152,99,"1,213",283,187,"1,179",N
E3,4,439,13,76,860,166,55,922,N
E4,4,933,325,38,"1,043",327,41,699,N
E5,4,"5,391","1,196",194,"3,156","1,917",316,"4,439",N
E6,4,"1,552",466,134,"1,269",485,192,"1,034",N
E7,4,"2,009",305,81,"1,327",671,350,"2,898",N
E8,4,383,420,120,"2,990",371,311,883,N
E9,4,959,211,81,873,283,57,568,N
E10,4,570,238,88,"1,501",290,150,404,N
E11,4,"1,175",464,104,958,375,129,571,N
E12,4,147,145,50,"1,207",155,68,308,N
E13,4,"1,247",696,99,"1,740",381,155,"1,390",Y
E14,4,296,291,120,960,223,201,-106,N
E15,4,"1,137",626,98,994,212,326,901,N
E16,4,"4,213",629,112,811,743,109,"1,468",N
E17,4,"-1,410",593,234,326,156,583,"50,246",N
E18,4,"4,216",430,124,346,685,227,"1,617",N
E19,4,"1,577",521,100,"1,258",242,144,"1,965",N
E20,4,"6,038",771,109,-6,702,661,532,N
E21,4,612,301,84,902,426,172,490,N
E22,4,"1,281",305,181,"1,318",497,243,"1,275",N
E23,4,"1,244",403,104,"1,104",716,87,383,N
E24,4,"4,078",565,61,463,380,63,382,N
F1,4,"3,733",464,108,"1,526",699,194,"5,600",Y
F2,4,"1,733",583,72,"1,231",256,145,835,N
F3,4,337,248,91,978,177,90,483,N
F4,4,"6,458","1,222",164,349,689,203,"1,319",N
F5,4,"2,247",599,76,667,272,105,"1,167",N
F6,4,225,201,52,651,142,90,498,N
F7,4,150,975,94,753,218,260,678,N
F8,4,157,315,78,"1,264",167,151,"1,956",N
F9,4,"3,994",378,116,174,535,140,606,N
F10,4,"5,161","1,732",189,"1,697",833,357,"3,539",N
F11,4,"3,734",604,176,556,576,232,703,N
F12,4,484,52,80,706,270,152,908,N
F13,4,"2,246",597,142,948,440,352,"1,527",N
F14,4,"1,929",328,114,286,346,298,"1,033",N
F15,4,"1,247",628,240,"1,999",640,270,"1,988",N
F16,4,34,182,86,931,160,142,593,N
F17,4,210,75,86,"1,303",180,120,"1,385",N
F18,4,"1,016",157,142,"1,077",387,225,862,N
F19,4,"6,075","1,020",344,18,975,356,"1,228",N
F20,4,"3,613",486,151,458,494,176,"1,387",N
F21,4,"1,687",426,85,214,244,160,163,N
F22,4,"2,602",414,109,469,228,235,"1,566",N
F23,4,"3,546",390,82,186,353,155,826,N
F24,4,138,430,76,"1,212",175,122,"2,260",N
G1,4,472,428,75,937,349,142,436,N
G2,4,"1,051","1,522",19,"1,195",246,"1,597","1,653",N
G3,4,"4,366",515,88,40,542,99,"1,142",N
G4,4,528,154,47,945,221,115,388,N
G5,4,622,-120,57,666,183,96,279,N
G6,4,"3,263",101,61,294,383,128,927,N
G7,4,306,273,40,"1,949",116,60,805,N
G8,4,"3,017",294,44,605,396,64,"1,231",N
G9,4,"1,637",175,63,499,235,77,258,N
G10,4,-12,282,66,967,84,80,520,N
G11,4,"1,674",152,148,346,436,190,161,N
G12,4,706,276,119,"1,103",383,107,895,N
G13,4,655,42,76,865,131,83,546,N
G14,4,"1,526",42,69,"1,563",332,154,437,N
G15,4,102,89,49,862,128,141,108,N
G16,4,"2,046",219,50,773,203,174,724,N
G17,4,"1,512",540,180,894,464,327,623,N
G18,4,447,236,160,198,500,725,540,N
G19,4,978,568,103,"1,091",233,192,929,N
G20,4,944,79,45,"1,385",272,128,534,Y
G21,4,"1,759","1,759",101,"1,479",342,370,"7,907",N
G22,4,"2,300",849,247,804,404,291,915,N
G23,4,-116,170,66,"1,637",98,79,644,N
G24,4,828,162,59,859,224,192,"1,493",N
H1,4,247,127,66,"1,458",190,130,761,N
H2,4,"1,572",178,31,815,188,63,34,N
H3,4,"1,171",471,146,692,301,287,964,N
H4,4,627,173,211,500,581,180,396,N
H5,4,784,804,99,"1,072",264,269,"1,151",N
H6,4,"2,364",644,81,"1,291",459,180,"1,434",N
H7,4,462,206,175,508,337,204,764,N
H8,4,"1,194","1,113",93,"1,156",363,202,"1,214",N
H9,4,"2,338",274,74,747,344,122,"1,896",N
H10,4,"3,176",371,138,"1,418","1,283",108,"1,257",N
H11,4,"2,468",907,142,652,421,255,"1,650",N
H12,4,"1,744",421,94,931,288,202,"1,010",N
H13,4,810,418,194,"1,525",426,222,"1,785",N
H14,4,363,94,116,918,273,182,260,N
H15,4,791,360,91,731,171,191,228,N
H16,4,"3,741",665,165,722,565,245,"1,685",N
H17,4,"5,931","1,268",164,168,539,151,"2,357",N
H18,4,"4,340",406,173,664,502,273,"1,956",N
H19,4,"5,357",414,112,920,551,132,745,Y
H20,4,"1,053",376,81,699,179,124,682,N
H21,4,"1,592",219,62,866,276,182,412,N
H22,4,784,2,177,"1,533",480,198,834,N
H23,4,"4,393",281,112,784,619,178,"1,392",N
H24,4,"3,901",876,78,571,406,69,737,N
I1,4,843,111,44,602,182,145,377,N
I2,4,556,247,91,"1,423",199,212,"1,245",N
I3,4,"1,124",259,112,"1,007",325,203,"2,124",N
I4,4,"9,598","1,516",290,-161,513,443,"3,041",N
I5,4,"1,586",166,72,"1,162",239,134,595,N
I6,4,728,97,87,962,229,106,495,N
I7,4,46,494,59,155,165,301,343,N
I8,4,415,104,89,"1,267",236,146,604,N
I9,4,"1,335",65,-18,"2,276",304,2,"1,522",Y
I10,4,"1,107",671,147,737,365,179,"1,624",N
I11,4,189,308,65,"1,047",147,118,777,N
I12,4,738,173,63,889,258,139,"1,408",N
I13,4,"3,478",245,79,"1,043",662,121,640,N
I14,4,412,123,48,613,114,71,34,N
I15,4,"1,808",396,131,997,487,237,"2,114",N
I16,4,"2,355",178,141,470,433,237,"1,606",N
I17,4,"1,231",463,264,"1,099","3,820",339,"1,409",N
I18,4,663,282,91,"1,047",296,178,693,N
I19,4,411,668,102,"1,995",294,225,"1,686",N
I20,4,509,680,142,"1,618",419,326,593,N
I21,4,"4,557",383,67,790,523,96,"1,590",N
I22,4,658,429,99,"1,472",325,148,863,N
I23,4,"7,615","11,322",283,857,971,403,"10,987",N
I24,4,337,64,62,856,271,97,"1,303",N
J1,4,"1,191",492,67,532,741,128,"1,075",N
J2,4,220,225,142,734,351,180,625,N
J3,4,842,410,74,593,355,164,338,N
J4,4,"1,331",246,68,"1,233",245,128,401,N
J5,4,"1,588",374,158,"1,388",719,190,"3,548",N
J6,4,"5,502",850,131,336,887,259,"2,950",N
J7,4,170,70,70,914,130,71,552,N
J8,4,"1,006",508,68,666,333,83,411,N
J9,4,275,446,176,"1,381",391,254,985,N
J10,4,"5,416",240,174,473,"1,133",177,"3,014",N
J11,4,"4,597",808,101,535,"1,049",171,"1,653",N
J12,4,296,309,37,"1,072",116,33,182,N
J13,4,455,358,52,"1,135",282,134,930,N
J14,4,418,120,79,645,236,118,446,N
J15,4,"4,630",344,208,57,715,292,437,N
J16,4,"2,050",299,68,"1,200",805,113,"1,565",N
J17,4,"2,260",225,73,"2,138",535,102,"2,529",Y
J18,4,426,277,35,754,165,106,444,N
J19,4,810,166,98,"1,343",238,177,"1,025",N
J20,4,"1,167",86,74,"1,431",185,163,"1,149",N
J21,4,"2,738",490,66,"1,149",227,196,751,N
J22,4,"5,262",517,74,148,580,160,384,N
J23,4,393,190,75,"1,511",128,69,422,N
J24,4,136,384,97,"1,116",165,124,58,N
K1,4,"2,725",231,148,585,335,242,935,N
K2,4,"2,771",692,173,"2,812",710,345,"1,950",Y
K3,4,"1,251",108,64,"1,087",312,118,"3,540",N
K4,4,"1,137",173,93,"1,375",608,110,137,N
K5,4,"1,165",309,80,672,206,141,-19,N
K6,4,"1,152",247,56,793,345,101,686,N
K7,4,"1,664",221,27,993,216,96,988,N
K8,4,"2,213",691,143,287,627,242,"1,489",N
K9,4,180,260,99,"1,353",569,140,"1,011",N
K10,4,403,202,71,992,254,118,750,N
K11,4,"2,439",883,113,617,457,135,814,N
K12,4,"9,443",212,95,510,392,116,"1,121",N
K13,4,695,168,101,"1,452",305,172,"1,139",N
K14,4,"4,066",447,159,814,759,263,"1,706",N
K15,4,"1,785",165,186,496,393,238,717,N
K16,4,"1,571",976,109,314,348,840,763,N
K17,4,"3,984",587,84,"1,190",722,230,"3,021",N
K18,4,"5,052",809,164,"1,031","1,079",189,"2,078",N
K19,4,"3,195",320,95,995,880,215,788,N
K20,4,856,332,99,350,327,181,486,N
K21,4,914,202,113,"1,460",274,111,"1,677",N
K22,4,"1,323",261,63,546,133,144,796,N
K23,4,"1,656",276,51,"2,123",633,102,"1,903",N
K24,4,"3,128",494,319,"1,279",888,342,"1,462",N
L1,4,"1,332",96,77,833,234,98,831,Y
L2,4,142,211,69,525,210,221,220,N
L3,4,"4,443",221,145,172,901,227,"1,348",N
L4,4,"19,104",717,42,-97,637,69,956,N
L5,4,"3,766",150,56,841,457,171,753,N
L6,4,"1,498",719,86,563,206,271,"1,445",N
L7,4,"1,339",231,93,"1,840",257,167,"1,140",N
L8,4,"3,308",629,146,230,492,241,583,N
L9,4,953,249,36,875,236,36,162,N
L10,4,43,-23,31,516,135,92,230,N
L11,4,"3,661",408,104,826,576,93,"1,673",N
L12,4,"3,320",496,77,849,537,114,"1,138",N
L13,4,199,219,78,"1,599",172,138,696,N
L14,4,"1,123",201,41,403,179,157,"1,370",N
L15,4,"1,724",240,73,538,389,17,528,N
L16,4,"2,323",547,129,"1,468",427,171,"1,476",N
L17,4,"3,963",674,62,941,650,50,"1,525",N
L18,4,"4,888",796,54,824,607,78,"2,671",N
L19,4,"1,766",668,97,"1,687",535,137,"2,678",N
L20,4,"1,879",301,94,"1,472",205,161,"1,073",N
L21,4,950,326,90,"1,335",342,266,367,N
L22,4,374,47,40,799,197,48,"1,067",N
L23,4,"2,454",411,86,404,317,165,240,N
L24,4,621,780,118,"2,327",530,280,"1,055",N
M1,4,"1,735",207,89,"1,266",421,167,687,Y
M2,4,969,916,348,695,688,607,"2,213",N
M3,4,51,272,118,"1,385",149,100,625,N
M4,4,318,-444,-102,537,-169,-18,276,N
M5,4,524,239,59,923,156,101,266,N
M6,4,"1,709",127,205,617,559,314,"3,428",N
M7,4,"1,879",433,92,"1,251",478,247,647,N
M8,4,"3,751",408,108,"1,438",593,141,"2,300",Y
M9,4,"3,550",975,116,989,329,225,"1,037",N
M10,4,389,195,58,"1,187",185,102,732,N
M11,4,"1,025","5,882",-10,"1,405",164,"4,464","3,877",N
M12,4,"1,363",636,62,"1,488",406,93,"1,445",Y
M13,4,"1,294",146,53,638,397,52,670,N
M14,4,839,234,80,996,297,107,901,N
M15,4,"5,196",922,152,416,466,255,"1,262",N
M16,4,455,318,101,"1,491",279,200,842,N
M17,4,868,617,90,925,289,459,493,N
M18,4,"3,334",370,169,"1,455",783,128,"2,094",N
M19,4,"2,749",456,65,363,544,97,"1,112",N
M20,4,171,232,111,"1,171",227,82,291,N
M21,4,"14,859",774,50,-648,552,330,"1,537",N
M22,4,"5,398",473,70,"1,063",523,196,"1,434",Y
M23,4,296,398,80,"2,150",593,207,389,N
M24,4,"5,546",553,366,107,777,489,"1,581",N
N1,4,"2,642",162,48,"1,799",308,134,"1,841",N
N2,4,"2,036",323,117,"1,528",306,175,"1,013",N
N3,4,652,205,81,"1,030",307,107,"1,322",N
N4,4,"1,228",423,76,"1,240",703,98,905,N
N5,4,"6,397","1,143",196,"1,016",780,438,"6,442",N
N6,4,"1,887",323,173,872,595,176,"2,183",N
N7,4,828,263,177,"1,958",521,214,"1,204",N
N8,4,"1,664",449,54,495,164,229,279,N
N9,4,184,244,91,"1,288",205,127,551,N
N10,4,"1,253",134,172,"1,425",450,186,"1,054",N
N11,4,"1,155",99,44,878,210,33,"1,687",Y
N12,4,"1,527",303,120,393,889,184,917,N
N13,4,"1,102",756,138,625,"1,447",260,"1,755",N
N14,4,211,238,62,"1,165",160,68,801,N
N15,4,218,-16,61,684,95,49,193,N
N16,4,"1,300",405,101,195,325,278,533,N
N17,4,96,321,57,"1,544",349,137,"1,423",N
N18,4,"2,044",176,109,680,624,171,688,Y
N19,4,19,245,97,"1,228",169,230,351,N
N20,4,419,338,66,330,192,179,225,N
N21,4,562,223,54,261,231,240,348,N
N22,4,"1,408",296,131,"1,167",404,228,"1,434",Y
N23,4,"7,668",505,75,"1,476",784,138,"1,410",N
N24,4,863,271,45,"1,703",189,227,445,N
O1,4,480,29,-29,585,130,56,990,N
O2,4,"3,526","1,221",137,682,488,222,"2,657",N
O3,4,"1,158",71,109,947,186,129,511,N
O4,4,"1,692",177,103,984,397,91,492,N
O5,4,"1,334",164,111,551,344,227,786,N
O6,4,"1,890",382,52,385,328,248,533,N
O7,4,912,-56,142,"1,308",421,282,300,N
O8,4,"3,603",646,128,"1,980",614,171,"2,357",N
O9,4,344,158,80,"1,277",200,136,825,N
O10,4,"3,422",448,98,"1,788",745,203,"5,283",N
O11,4,"1,195",462,41,551,300,41,545,N
O12,4,"6,561","2,544",213,760,"1,546",400,"5,007",N
O13,4,350,225,97,962,271,186,894,N
O14,4,84,186,134,938,306,213,485,N
O15,4,"11,294",133,101,703,484,137,"1,101",N
O16,4,216,122,63,960,88,51,-72,N
O17,4,"4,044",181,66,"1,017",462,91,"2,075",N
O18,4,"1,310",88,48,380,290,79,499,N
O19,4,554,228,127,"1,249",308,126,524,N
O20,4,322,118,72,327,367,264,261,N
O21,4,459,77,57,666,129,56,287,N
O22,4,646,109,84,"2,756",190,146,"1,042",N
O23,4,"2,974",609,163,658,869,169,"1,661",N
O24,4,"2,120",314,194,"1,197",557,316,"2,053",N
P15,4,335,350,113,972,304,165,294,N
P21,4,877,288,124,"1,395",355,259,"1,512",N
P22,4,"1,566",515,158,232,594,192,"1,079",N
P23,4,390,"1,027",215,"1,087",336,247,"2,571",N
P24,4,"6,093",400,68,"1,103",365,96,"1,137",N